model,n_ctx,kv_tokens_final,compute_only_pred_tps,memory_bound_pred_tps,measured_tps,compute_overestimate,memory_pred_error_pct
smollm2-135m,1024,186,1155555.5555555555,14169.872550972175,404.493375606507,2856.797231408025,3403.1160967038163
smollm2-135m,1024,186,1155555.5555555555,14169.872550972175,458.3512365327248,2521.113642666158,2991.487798344904
smollm2-135m,1024,186,1155555.5555555555,14169.872550972175,457.5190078333007,2525.6995573320264,2997.1112256247593
smollm2-135m,1024,244,1155555.5555555555,13999.399619317162,455.9000565684771,2534.6685943698467,2970.7167980389195
smollm2-135m,1024,244,1155555.5555555555,13999.399619317162,455.19721419330773,2538.58222222078,2975.458105367944
smollm2-135m,1024,244,1155555.5555555555,13999.399619317162,453.4839187752211,2548.173171557007,2987.0774110638886
smollm2-135m,2048,186,1155555.5555555555,14169.872550972175,458.0244919985513,2522.9121493337316,2993.6931973098494
smollm2-135m,2048,186,1155555.5555555555,14169.872550972175,450.14238408717574,2567.0889842973943,3047.864553947002
smollm2-135m,2048,186,1155555.5555555555,14169.872550972175,460.7301565519683,2508.0962014806037,2975.5253046636367
smollm2-135m,2048,244,1155555.5555555555,13999.399619317162,459.7281031916161,2513.563011556673,2945.14766926967
smollm2-135m,2048,244,1155555.5555555555,13999.399619317162,458.43349430271434,2520.661273481285,2953.747117803969
smollm2-135m,2048,244,1155555.5555555555,13999.399619317162,456.70505358935,2530.200939257796,2965.3042941593626
smollm2-135m,4096,186,1155555.5555555555,14169.872550972175,459.442869101563,2515.123496889255,2984.142448152749
smollm2-135m,4096,186,1155555.5555555555,14169.872550972175,459.1204647621581,2516.8896711109956,2986.3081998125936
smollm2-135m,4096,186,1155555.5555555555,14169.872550972175,460.76023891261724,2507.9324515557983,2975.3245081243826
smollm2-135m,4096,244,1155555.5555555555,13999.399619317162,458.84773886624095,2518.3856379259882,2950.9902160372503
smollm2-135m,4096,244,1155555.5555555555,13999.399619317162,459.870625394118,2512.784013036758,2944.203923074975
smollm2-135m,4096,244,1155555.5555555555,13999.399619317162,457.0799030489571,2528.1259312593006,2962.7904499703436
tinyllama-1.1b,1024,179,141818.18181818182,2311.165831591175,428.60837951211676,330.880562763642,439.22553595941497
tinyllama-1.1b,1024,179,141818.18181818182,2311.165831591175,429.0318287559748,330.55398763630035,438.6933268547128
tinyllama-1.1b,1024,179,141818.18181818182,2311.165831591175,428.4835857635502,330.976930109153,439.3825827593181
tinyllama-1.1b,1024,241,141818.18181818182,2306.3779267001473,423.94644179454605,334.5190992000591,444.02577762826695
tinyllama-1.1b,1024,241,141818.18181818182,2306.3779267001473,425.3567933901137,333.4099373090629,442.2219563764826
tinyllama-1.1b,1024,241,141818.18181818182,2306.3779267001473,424.13180347086,334.37290167259397,443.7880177402464
tinyllama-1.1b,2048,179,141818.18181818182,2311.165831591175,426.00532464044204,332.9023690909956,442.520409467147
tinyllama-1.1b,2048,179,141818.18181818182,2311.165831591175,427.37992752378454,331.83163898189713,440.7754746419517
tinyllama-1.1b,2048,179,141818.18181818182,2311.165831591175,426.2349764886348,332.7230040727624,442.2281039981242
tinyllama-1.1b,2048,241,141818.18181818182,2306.3779267001473,422.61706207354246,335.5713589090804,445.7370593094509
tinyllama-1.1b,2048,241,141818.18181818182,2306.3779267001473,421.6923563430791,336.3072146908962,446.9337757746151
tinyllama-1.1b,2048,241,141818.18181818182,2306.3779267001473,421.07750736059774,336.79828378183385,447.7323975714135
tinyllama-1.1b,4096,179,141818.18181818182,2311.165831591175,422.92752360380535,335.32502356369645,446.4685324562262
tinyllama-1.1b,4096,179,141818.18181818182,2311.165831591175,424.08881944360456,334.4067924361794,444.97212037407047
tinyllama-1.1b,4096,179,141818.18181818182,2311.165831591175,424.17526401594125,334.3386421817658,444.86105807063694
tinyllama-1.1b,4096,241,141818.18181818182,2306.3779267001473,420.04882513121,337.6230888727812,449.07377159779173
tinyllama-1.1b,4096,241,141818.18181818182,2306.3779267001473,420.3767436553696,337.359723054628,448.6454618409972
tinyllama-1.1b,4096,241,141818.18181818182,2306.3779267001473,421.32658906682036,336.599173890946,447.40858672329534
llama-2-7b,1024,170,23283.582089552237,372.88976907649766,155.5067843198549,149.72711442390377,139.79003276764922
llama-2-7b,1024,170,23283.582089552237,372.88976907649766,156.79917309720787,148.4930158089389,137.8136068647021
llama-2-7b,1024,170,23283.582089552237,372.88976907649766,156.18418707470263,149.07771731344184,138.75001436486338
llama-2-7b,1024,232,23283.582089552237,370.00560485917913,153.86516037542378,151.32458857314668,140.47393442179035
llama-2-7b,1024,232,23283.582089552237,370.00560485917913,153.96165572237211,151.2297460059655,140.32321757203195
llama-2-7b,1024,232,23283.582089552237,370.00560485917913,153.9706216437281,151.2209396895728,140.30922322008504
llama-2-7b,2048,170,23283.582089552237,372.88976907649766,155.44104996366596,149.7904324179149,139.89143740579462
llama-2-7b,2048,170,23283.582089552237,372.88976907649766,155.37213352682232,149.85687305074387,139.9978429929487
llama-2-7b,2048,170,23283.582089552237,372.88976907649766,155.89404517797877,149.35517301491657,139.19436348629125
llama-2-7b,2048,232,23283.582089552237,370.00560485917913,153.78155817869074,151.40685505668523,140.60466628205242
llama-2-7b,2048,232,23283.582089552237,370.00560485917913,153.97533330762798,151.21631231045214,140.3018697286684
llama-2-7b,2048,232,23283.582089552237,370.00560485917913,153.92766872967007,151.26313730147626,140.37628056914716
llama-2-7b,4096,170,23283.582089552237,372.88976907649766,155.84823348163613,149.39907607163082,139.26467483536533
llama-2-7b,4096,170,23283.582089552237,372.88976907649766,156.11726471074806,149.14162205372827,138.8523586852375
llama-2-7b,4096,170,23283.582089552237,372.88976907649766,156.2058430488821,149.0570495641832,138.71691468020683
llama-2-7b,4096,232,23283.582089552237,370.00560485917913,153.91318137914274,151.27737521191585,140.3989064118713
llama-2-7b,4096,232,23283.582089552237,370.00560485917913,153.95532032678307,151.23596924179614,140.33310708185417
llama-2-7b,4096,232,23283.582089552237,370.00560485917913,153.8914048640248,151.29878182686758,140.43292423388317
